{
  "Author": "That one kid",
  "Compatibility": "Compatible",
  "DefuserDifficulty": "Medium",
  "Description": "Buttons that wants you to waste time clicking them 6 times or something. Tags: watch-button, 2-buttons, random-numbers, 5-stage",
  "ExpertDifficulty": "Medium",
  "ModuleID": "timeOut",
  "Name": "Timed Out",
  "Origin": "Mods",
  "Published": "2022-03-15",
  "Quirks": "TimeDependent",
  "SortKey": "TIMEDOUT",
  "SourceUrl": "https://github.com/Kbushra/ktaneTimeOut",
  "SteamID": "2779517892",
  "Symbol": "Tmdot",
  "Type": "Regular"
}