{
  "Compatibility": "Compatible",
  "Contributors": {
    "Developer": [ "That one kid" ],
    "Twitch Plays": [ "eXish" ]
  },
  "DefuserDifficulty": "Medium",
  "Description": "Buttons that want you to waste time clicking them 6 times or something. Tags: watch, stopwatch, timer, clock, 2-buttons, question-marks",
  "ExpertDifficulty": "Medium",
  "ModuleID": "timeOut",
  "Name": "Timed Out",
  "Origin": "Mods",
  "Published": "2022-03-15",
  "SortKey": "TIMEDOUT",
  "SourceUrl": "https://github.com/Kbushra/ktaneTimeOut",
  "SteamID": "2779517892",
  "Symbol": "Tmot",
  "Type": "Regular"
}